best_features,score
"['CoMVelocityNorm', 'centerOfMass_z', 'jointAngle_jL5S1']",0.9121119263
"['CoMVelocityNorm', 'jointAngle_jLeftHip', 'jointAngle_jLeftShoulder']",0.9094467654
"['centerOfMass_z', 'jointAngle_jL5S1', 'velocity1_Pelvis']",0.9069130804
"['centerOfMass_z', 'jointAngle_jLeftShoulder', 'velocity1_Pelvis']",0.9059063074
"['CoMVelocityNorm', 'centerOfMass_z', 'jointAngle_jLeftShoulder']",0.905271369
"['centerOfMass_z', 'jointAngle_jRightShoulder', 'velocity1_Pelvis']",0.900575082
"['CoMVelocityNorm', 'centerOfMass_z', 'jointAngle_jRightShoulder']",0.8997622119
"['CoMVelocityNorm', 'centerOfMass_z', 'jointAngle_jRightShoulder']",0.8990341834
"['centerOfMass_z', 'jointAngle_jRightShoulder', 'velocity1_Pelvis']",0.8987806865
"['jointAngle_jLeftHip', 'jointAngle_jRightShoulder', 'velocity1_LeftFoot']",0.8984217256
"['jointAngle_jLeftHip', 'jointAngle_jLeftShoulder', 'velocity1_Pelvis']",0.8980049322
"['CoMVelocityNorm', 'jointAngle_jLeftHip', 'jointAngle_jRightShoulder']",0.8979429148
"['CoMVelocityNorm', 'centerOfMass_z', 'distCoM_LeftHand']",0.8967596052
"['centerOfMass_z', 'jointAngle_jRightShoulder', 'velocity1_Pelvis']",0.8944894289
"['jointAngle_jLeftHip', 'jointAngle_jRightShoulder', 'velocity1_LeftFoot']",0.8943086683
"['centerOfMass_z', 'jointAngle_jRightShoulder', 'velocity1_RightHand']",0.8930962742
"['jointAngle_jLeftHip', 'jointAngle_jLeftShoulder', 'velocity1_LeftHand']",0.8925293514
"['CoMVelocityNorm', 'centerOfMass_z', 'distCoM_RightHand']",0.8920789763
"['CoMVelocity_z', 'centerOfMass_z', 'jointAngle_jRightShoulder']",0.8913473773
"['CoMVelocityNorm', 'jointAngle_jLeftHip', 'jointAngle_jRightShoulder']",0.8911055577
"['centerOfMass_z', 'jointAngle_jRightShoulder', 'velocity1_LeftHand']",0.8910298719
"['centerOfMass_z', 'jointAngle_jRightElbow', 'velocity1_Pelvis']",0.8909928703
"['CoMVelocityNorm', 'centerOfMass_z', 'jointAngle_jRightKnee']",0.8908364028
"['centerOfMass_z', 'jointAngle_jRightShoulder', 'velocity1_LeftHand']",0.8901591288
"['CoMVelocityNorm', 'centerOfMass_z', 'jointAngle_jLeftHip']",0.8900883706
"['centerOfMass_z', 'jointAngle_jRightShoulder', 'velocity1_RightHand']",0.8898537852
"['jointAngle_jLeftHip', 'jointAngle_jRightShoulder', 'velocity1_Pelvis']",0.8896074823
"['jointAngle_jLeftHip', 'jointAngle_jRightKnee', 'jointAngle_jRightShoulder']",0.8892060882
"['jointAngle_jLeftHip', 'jointAngle_jRightShoulder', 'velocity1_RightHand']",0.8888772499
"['centerOfMass_z', 'jointAngle_jLeftElbow', 'velocity1_Pelvis']",0.888652442
"['centerOfMass_z', 'jointAngle_jRightKnee', 'velocity1_Pelvis']",0.8884157354
"['centerOfMass_z', 'jointAngle_jLeftHip', 'velocity1_Pelvis']",0.8882476573
"['centerOfMass_z', 'distCoM_LeftHand', 'velocity1_Pelvis']",0.8882286314
"['CoMVelocityNorm', 'jointAngle_jRightHip', 'jointAngle_jRightShoulder']",0.8874238216
"['jointAngle_jLeftHip', 'jointAngle_jRightShoulder', 'velocity1_RightFoot']",0.887365107
"['centerOfMass_z', 'distCoM_RightHand', 'velocity1_Pelvis']",0.8870641558
"['CoMVelocityNorm', 'centerOfMass_z', 'jointAngle_jRightElbow']",0.8868414836
"['jointAngle_jLeftHip', 'jointAngle_jRightShoulder', 'velocity1_Pelvis']",0.8867703639
"['jointAngle_jLeftHip', 'jointAngle_jLeftShoulder', 'velocity1_LeftFoot']",0.8865927443
"['CoMVelocityNorm', 'centerOfMass_z', 'jointAngle_jRightHip']",0.8865923785
"['CoMVelocityNorm', 'centerOfMass_z', 'distCoM_Pelvis']",0.8864242188
"['centerOfMass_z', 'jointAngle_jRightShoulder', 'velocity1_LeftFoot']",0.8862354294
"['jointAngle_jLeftHip', 'jointAngle_jRightHip', 'jointAngle_jRightShoulder']",0.8860704193
"['CoMVelocityNorm', 'centerOfMass_z', 'jointAngle_jLeftElbow']",0.8859757216
"['CoMVelocity_z', 'jointAngle_jLeftHip', 'jointAngle_jRightShoulder']",0.8858380327
"['jointAngle_jLeftHip', 'jointAngle_jLeftKnee', 'jointAngle_jRightShoulder']",0.8854061881
"['jointAngle_jLeftHip', 'jointAngle_jRightKnee', 'jointAngle_jRightShoulder']",0.8853496492
"['CoMVelocityNorm', 'centerOfMass_z', 'jointAngle_jLeftKnee']",0.8852170392
"['CoMVelocityNorm', 'centerOfMass_z']",0.8850522061
"['jointAngle_jRightKnee', 'jointAngle_jRightShoulder', 'velocity1_Pelvis']",0.8850022655
"['CoMVelocityNorm', 'jointAngle_jRightKnee', 'jointAngle_jRightShoulder']",0.8847922073
"['centerOfMass_z', 'distCoM_LeftFoot', 'velocity1_Pelvis']",0.8847838356
"['jointAngle_jLeftHip', 'jointAngle_jLeftKnee', 'jointAngle_jLeftShoulder']",0.8847457198
"['jointAngle_jLeftHip', 'jointAngle_jRightShoulder', 'velocity1_LeftHand']",0.8844005214
"['jointAngle_jLeftHip', 'jointAngle_jLeftShoulder', 'jointAngle_jRightKnee']",0.8843926527
"['centerOfMass_z', 'jointAngle_jLeftKnee', 'velocity1_Pelvis']",0.8842516572
"['jointAngle_jLeftHip', 'jointAngle_jLeftShoulder', 'velocity1_RightHand']",0.8841039189
"['CoMVelocity_z', 'centerOfMass_z', 'jointAngle_jRightShoulder']",0.8837736123
"['jointAngle_jLeftHip', 'jointAngle_jRightShoulder', 'velocity1_RightFoot']",0.8836949492
"['centerOfMass_z', 'jointAngle_jLeftKnee', 'jointAngle_jRightShoulder']",0.8836693752
"['centerOfMass_z', 'jointAngle_jRightHip', 'velocity1_Pelvis']",0.8835070713
"['distCoM_Pelvis', 'jointAngle_jLeftHip', 'jointAngle_jRightShoulder']",0.8834025336
"['centerOfMass_z', 'distCoM_Pelvis', 'velocity1_Pelvis']",0.8829559581
"['centerOfMass_z', 'jointAngle_jRightKnee', 'jointAngle_jRightShoulder']",0.8826712634
"['CoMVelocityNorm', 'centerOfMass_z', 'distCoM_LeftFoot']",0.8826386679
"['centerOfMass_z', 'jointAngle_jLeftKnee', 'jointAngle_jRightShoulder']",0.8826283256
"['jointAngle_jLeftHip', 'jointAngle_jLeftShoulder', 'jointAngle_jRightShoulder']",0.8825800866
"['CoMVelocityNorm', 'centerOfMass_z', 'velocity1_Pelvis']",0.8823742263
"['jointAngle_jLeftHip', 'jointAngle_jRightHip', 'jointAngle_jRightShoulder']",0.8822499943
"['centerOfMass_z', 'jointAngle_jRightHip', 'jointAngle_jRightShoulder']",0.8820971927
"['CoMVelocity_z', 'jointAngle_jLeftHip', 'jointAngle_jLeftShoulder']",0.8820780949
"['CoMVelocityNorm', 'centerOfMass_z', 'velocity1_Pelvis']",0.8817250112
"['jointAngle_jL5S1', 'jointAngle_jLeftHip', 'jointAngle_jRightShoulder']",0.8815893739
"['jointAngle_jLeftHip', 'jointAngle_jRightKnee', 'jointAngle_jRightShoulder']",0.881177652
"['jointAngle_jLeftHip', 'jointAngle_jLeftShoulder', 'velocity1_RightFoot']",0.8809673472
"['jointAngle_jRightHip', 'jointAngle_jRightShoulder', 'velocity1_RightHand']",0.8808882391
"['centerOfMass_z', 'jointAngle_jLeftKnee', 'jointAngle_jRightShoulder']",0.8807749628
"['CoMVelocityNorm', 'centerOfMass_z', 'jointAngle_jLeftKnee']",0.8801691669
"['jointAngle_jLeftHip', 'jointAngle_jRightShoulder', 'velocity1_LeftHand']",0.8801155391
"['centerOfMass_z', 'velocity1_Pelvis']",0.8800807306
"['jointAngle_jLeftHip', 'jointAngle_jLeftKnee', 'jointAngle_jRightShoulder']",0.8798611883
"['centerOfMass_z', 'jointAngle_jLeftHip', 'jointAngle_jRightShoulder']",0.8798220326
"['centerOfMass_z', 'distCoM_RightFoot', 'velocity1_Pelvis']",0.8795577363
"['centerOfMass_z', 'jointAngle_jLeftHip', 'jointAngle_jRightShoulder']",0.8792900397
"['jointAngle_jRightHip', 'jointAngle_jRightShoulder', 'velocity1_LeftFoot']",0.8789569699
"['centerOfMass_z', 'jointAngle_jRightKnee', 'jointAngle_jRightShoulder']",0.8789470726
"['centerOfMass_z', 'jointAngle_jLeftHip', 'jointAngle_jRightShoulder']",0.8786520991
"['centerOfMass_z', 'velocity1_LeftFoot', 'velocity1_Pelvis']",0.8785087998
"['jointAngle_jRightHip', 'jointAngle_jRightShoulder', 'velocity1_LeftHand']",0.8783944219
"['CoMVelocityNorm', 'CoMVelocity_z', 'centerOfMass_z']",0.8780972244
"['CoMVelocity_z', 'jointAngle_jRightKnee', 'jointAngle_jRightShoulder']",0.8778551537
"['centerOfMass_z', 'jointAngle_jLeftKnee', 'velocity1_Pelvis']",0.877602647
"['centerOfMass_z', 'jointAngle_jRightKnee', 'jointAngle_jRightShoulder']",0.8775569232
"['CoMVelocityNorm', 'centerOfMass_z', 'distCoM_RightFoot']",0.8774735529
"['jointAngle_jLeftKnee', 'jointAngle_jRightHip', 'jointAngle_jRightShoulder']",0.8773378468
"['centerOfMass_z', 'jointAngle_jLeftKnee', 'jointAngle_jRightKnee']",0.8770460081
"['centerOfMass_z', 'jointAngle_jLeftHip', 'jointAngle_jRightShoulder']",0.8770099002
"['jointAngle_jRightHip', 'jointAngle_jRightKnee', 'jointAngle_jRightShoulder']",0.8768315653
"['centerOfMass_z', 'jointAngle_jRightShoulder', 'velocity1_LeftFoot']",0.876571868
"['CoMVelocity_z', 'centerOfMass_z', 'velocity1_Pelvis']",0.8765055202
"['CoMVelocityNorm', 'centerOfMass_z', 'velocity1_LeftHand']",0.8763844386
"['jointAngle_jL5S1', 'jointAngle_jLeftHip', 'jointAngle_jRightShoulder']",0.8763482574
"['distCoM_RightFoot', 'jointAngle_jLeftHip', 'jointAngle_jLeftShoulder']",0.876298909
"['distCoM_RightHand', 'jointAngle_jLeftHip', 'jointAngle_jRightShoulder']",0.8758081359
"['centerOfMass_z', 'jointAngle_jLeftKnee', 'jointAngle_jLeftShoulder']",0.8756132251
"['distCoM_Pelvis', 'jointAngle_jLeftHip', 'jointAngle_jRightShoulder']",0.875559352
"['jointAngle_jRightKnee', 'jointAngle_jRightShoulder', 'velocity1_LeftFoot']",0.8754655279
"['CoMVelocity_z', 'jointAngle_jRightHip', 'jointAngle_jRightShoulder']",0.8752610156
"['jointAngle_jLeftHip', 'jointAngle_jRightShoulder']",0.8749252386
"['jointAngle_jRightHip', 'jointAngle_jRightKnee', 'jointAngle_jRightShoulder']",0.8748474708
"['centerOfMass_z', 'jointAngle_jL5S1', 'jointAngle_jRightShoulder']",0.8747608396
"['jointAngle_jRightHip', 'jointAngle_jRightShoulder', 'velocity1_Pelvis']",0.8747482625
"['distCoM_LeftHand', 'jointAngle_jLeftHip', 'jointAngle_jRightShoulder']",0.8746537511
"['jointAngle_jLeftHip', 'jointAngle_jLeftShoulder', 'jointAngle_jRightShoulder']",0.8746022813
"['centerOfMass_z', 'jointAngle_jRightHip', 'jointAngle_jRightShoulder']",0.8743579158
"['distCoM_LeftHand', 'jointAngle_jLeftHip', 'jointAngle_jRightShoulder']",0.8742154681
"['distCoM_LeftFoot', 'jointAngle_jLeftHip', 'jointAngle_jRightShoulder']",0.874189079
"['distCoM_RightHand', 'jointAngle_jLeftHip', 'jointAngle_jRightShoulder']",0.8740900773
"['distCoM_Pelvis', 'jointAngle_jLeftHip', 'jointAngle_jLeftShoulder']",0.8739503329
"['CoMVelocityNorm', 'centerOfMass_z', 'velocity1_LeftFoot']",0.8738804221
"['jointAngle_jLeftHip', 'jointAngle_jRightHip', 'jointAngle_jRightShoulder']",0.8737968574
"['centerOfMass_z', 'velocity1_LeftHand', 'velocity1_Pelvis']",0.8736950436
"['distCoM_LeftFoot', 'jointAngle_jLeftHip', 'jointAngle_jRightShoulder']",0.8734821264
"['jointAngle_jLeftHip', 'jointAngle_jLeftShoulder', 'jointAngle_jRightShoulder']",0.8733060062
"['centerOfMass_z', 'jointAngle_jRightShoulder', 'velocity1_RightFoot']",0.8730742982
"['centerOfMass_z', 'jointAngle_jRightHip', 'jointAngle_jRightShoulder']",0.8727031868
"['distCoM_Pelvis', 'jointAngle_jRightKnee', 'jointAngle_jRightShoulder']",0.8723200299
"['centerOfMass_z', 'distCoM_LeftHand', 'jointAngle_jRightShoulder']",0.8722906899
"['jointAngle_jL5S1', 'jointAngle_jRightHip', 'jointAngle_jRightShoulder']",0.8722363224
"['jointAngle_jLeftKnee', 'jointAngle_jRightKnee', 'jointAngle_jRightShoulder']",0.8720440277
"['centerOfMass_z', 'jointAngle_jL5S1', 'jointAngle_jRightShoulder']",0.8719991482
"['centerOfMass_z', 'jointAngle_jL5S1', 'jointAngle_jLeftKnee']",0.8719920103
"['distCoM_RightFoot', 'jointAngle_jLeftHip', 'jointAngle_jRightShoulder']",0.8719788175
"['distCoM_RightHand', 'jointAngle_jLeftHip', 'jointAngle_jLeftShoulder']",0.8719638527
"['jointAngle_jL5S1', 'jointAngle_jLeftHip', 'jointAngle_jLeftShoulder']",0.8716934154
"['jointAngle_jL5S1', 'jointAngle_jRightKnee', 'jointAngle_jRightShoulder']",0.8712589853
"['distCoM_LeftFoot', 'jointAngle_jRightHip', 'jointAngle_jRightShoulder']",0.8710925861
"['CoMVelocity_z', 'centerOfMass_z', 'jointAngle_jLeftKnee']",0.8707491676
"['distCoM_RightFoot', 'jointAngle_jLeftHip', 'jointAngle_jRightShoulder']",0.8702887392
"['CoMVelocityNorm', 'centerOfMass_z', 'velocity1_RightHand']",0.8702525757
"['centerOfMass_z', 'velocity1_Pelvis', 'velocity1_RightHand']",0.8702462545
"['centerOfMass_z', 'velocity1_Pelvis', 'velocity1_RightFoot']",0.8697933746
"['jointAngle_jRightKnee', 'jointAngle_jRightShoulder', 'velocity1_RightHand']",0.8696435909
"['centerOfMass_z', 'jointAngle_jLeftKnee', 'jointAngle_jRightElbow']",0.8695703325
"['centerOfMass_z', 'distCoM_RightHand', 'jointAngle_jRightShoulder']",0.8695002858
"['distCoM_RightFoot', 'jointAngle_jRightKnee', 'jointAngle_jRightShoulder']",0.8693816417
"['centerOfMass_z', 'distCoM_RightHand', 'jointAngle_jRightShoulder']",0.8691306529
"['jointAngle_jRightKnee', 'jointAngle_jRightShoulder', 'velocity1_LeftHand']",0.8683485632
"['centerOfMass_z', 'jointAngle_jLeftElbow', 'jointAngle_jLeftKnee']",0.8683433354
"['centerOfMass_z', 'jointAngle_jLeftKnee', 'velocity1_RightFoot']",0.8683099892
"['distCoM_LeftHand', 'jointAngle_jRightKnee', 'jointAngle_jRightShoulder']",0.868204033
"['centerOfMass_z', 'jointAngle_jLeftKnee', 'velocity1_RightHand']",0.8681681274
"['CoMVelocityNorm', 'centerOfMass_z', 'velocity1_RightFoot']",0.8679131973
"['centerOfMass_z', 'jointAngle_jRightShoulder', 'velocity1_RightFoot']",0.8676847136
"['centerOfMass_z', 'distCoM_LeftHand', 'jointAngle_jRightShoulder']",0.8671871512
"['centerOfMass_z', 'jointAngle_jRightElbow', 'jointAngle_jRightShoulder']",0.8668015829
"['centerOfMass_z', 'distCoM_LeftHand', 'jointAngle_jLeftKnee']",0.8664723577
"['distCoM_RightFoot', 'jointAngle_jRightHip', 'jointAngle_jRightShoulder']",0.8658241295
"['centerOfMass_z', 'jointAngle_jLeftElbow', 'jointAngle_jRightShoulder']",0.865804156
"['jointAngle_jLeftElbow', 'jointAngle_jLeftHip', 'jointAngle_jLeftShoulder']",0.8656872269
"['centerOfMass_z', 'jointAngle_jLeftKnee', 'velocity1_LeftHand']",0.8654310046
"['jointAngle_jLeftElbow', 'jointAngle_jLeftHip', 'jointAngle_jRightShoulder']",0.8654140858
"['jointAngle_jLeftShoulder', 'jointAngle_jRightHip', 'jointAngle_jRightShoulder']",0.8650898725
"['jointAngle_jRightHip', 'jointAngle_jRightShoulder']",0.8650797073
"['centerOfMass_z', 'distCoM_RightHand', 'jointAngle_jLeftKnee']",0.8647695749
"['distCoM_LeftFoot', 'jointAngle_jRightKnee', 'jointAngle_jRightShoulder']",0.8645890758
"['distCoM_LeftHand', 'jointAngle_jLeftHip', 'jointAngle_jLeftShoulder']",0.8645015961
"['centerOfMass_z', 'jointAngle_jLeftHip', 'jointAngle_jLeftKnee']",0.8642863525
"['jointAngle_jLeftShoulder', 'jointAngle_jRightKnee', 'jointAngle_jRightShoulder']",0.8636675791
"['centerOfMass_z', 'jointAngle_jLeftHip', 'jointAngle_jLeftShoulder']",0.8635467506
"['distCoM_LeftHand', 'jointAngle_jRightHip', 'jointAngle_jRightShoulder']",0.8635392046
"['jointAngle_jLeftHip', 'jointAngle_jRightShoulder']",0.8633095586
"['jointAngle_jRightHip', 'jointAngle_jRightShoulder', 'velocity1_RightFoot']",0.8632837526
"['distCoM_RightHand', 'jointAngle_jRightHip', 'jointAngle_jRightShoulder']",0.8632001581
"['jointAngle_jLeftElbow', 'jointAngle_jLeftHip', 'jointAngle_jRightShoulder']",0.8628486295
"['jointAngle_jLeftHip', 'jointAngle_jLeftShoulder', 'jointAngle_jRightHip']",0.8628205558
"['centerOfMass_z', 'jointAngle_jRightElbow', 'jointAngle_jRightShoulder']",0.8627534325
"['jointAngle_jLeftHip', 'jointAngle_jRightElbow', 'jointAngle_jRightShoulder']",0.8619192008
"['centerOfMass_z', 'jointAngle_jLeftShoulder', 'jointAngle_jRightShoulder']",0.8617879146
"['centerOfMass_z', 'jointAngle_jRightShoulder']",0.861526331
"['jointAngle_jLeftHip', 'jointAngle_jRightElbow', 'jointAngle_jRightShoulder']",0.8614833847
"['centerOfMass_z', 'distCoM_LeftFoot', 'jointAngle_jRightShoulder']",0.8610942092
"['jointAngle_jRightElbow', 'jointAngle_jRightKnee', 'jointAngle_jRightShoulder']",0.8609684399
"['centerOfMass_z', 'distCoM_LeftFoot', 'jointAngle_jRightShoulder']",0.8608574928
"['jointAngle_jLeftHip', 'jointAngle_jLeftShoulder']",0.860362103
"['centerOfMass_z', 'jointAngle_jLeftKnee', 'jointAngle_jRightHip']",0.8600727839
"['distCoM_Pelvis', 'jointAngle_jRightHip', 'jointAngle_jRightShoulder']",0.8599882428
"['jointAngle_jRightElbow', 'jointAngle_jRightHip', 'jointAngle_jRightShoulder']",0.8599760447
"['centerOfMass_z', 'distCoM_RightFoot', 'jointAngle_jRightShoulder']",0.8591218038
"['centerOfMass_z', 'jointAngle_jLeftElbow', 'jointAngle_jRightShoulder']",0.8590118048
"['centerOfMass_z', 'distCoM_RightFoot', 'jointAngle_jRightShoulder']",0.8585058589
"['jointAngle_jRightKnee', 'jointAngle_jRightShoulder']",0.8580210134
"['centerOfMass_z', 'jointAngle_jLeftKnee']",0.8578783495
"['distCoM_LeftFoot', 'jointAngle_jLeftHip', 'jointAngle_jLeftShoulder']",0.8576514519
"['centerOfMass_z', 'jointAngle_jRightShoulder']",0.857463667
"['centerOfMass_z', 'velocity1_RightHand']",0.8572469785
"['jointAngle_jLeftHip', 'jointAngle_jLeftShoulder', 'jointAngle_jRightElbow']",0.857176049
"['centerOfMass_z', 'jointAngle_jLeftKnee']",0.8570317551
"['distCoM_RightHand', 'jointAngle_jRightKnee', 'jointAngle_jRightShoulder']",0.8567641198
"['CoMVelocity_z', 'centerOfMass_z']",0.8566414102
"['centerOfMass_z', 'distCoM_Pelvis', 'jointAngle_jRightShoulder']",0.8565838169
"['jointAngle_jRightHip', 'jointAngle_jRightShoulder']",0.8564969554
"['centerOfMass_z', 'velocity1_LeftHand']",0.8564400319
"['jointAngle_jLeftShoulder', 'jointAngle_jRightHip']",0.8558461125
"['jointAngle_jLeftShoulder', 'jointAngle_jRightKnee']",0.8557598548
"['centerOfMass_z', 'distCoM_Pelvis', 'jointAngle_jLeftKnee']",0.8556782405
"['centerOfMass_z', 'distCoM_LeftFoot', 'jointAngle_jLeftKnee']",0.8546925981
"['jointAngle_jLeftElbow', 'jointAngle_jRightKnee', 'jointAngle_jRightShoulder']",0.8546085276
"['centerOfMass_z', 'jointAngle_jLeftKnee', 'velocity1_LeftFoot']",0.8540382204
"['jointAngle_jLeftShoulder', 'jointAngle_jRightHip']",0.8539863017
"['jointAngle_jLeftShoulder', 'jointAngle_jRightKnee']",0.8539707353
"['centerOfMass_z', 'distCoM_Pelvis', 'jointAngle_jRightShoulder']",0.8536032283
"['jointAngle_jLeftElbow', 'jointAngle_jRightHip', 'jointAngle_jRightShoulder']",0.8532558891
"['jointAngle_jRightKnee', 'jointAngle_jRightShoulder']",0.8512387129
"['centerOfMass_z', 'jointAngle_jRightKnee']",0.8509649345
"['centerOfMass_z', 'jointAngle_jLeftShoulder', 'jointAngle_jRightShoulder']",0.8508849763
"['jointAngle_jLeftHip', 'jointAngle_jLeftShoulder']",0.8507366364
"['centerOfMass_z', 'velocity1_LeftFoot']",0.8495476839
"['jointAngle_jLeftKnee', 'jointAngle_jLeftShoulder']",0.8485949309
"['centerOfMass_z', 'jointAngle_jRightKnee']",0.8479527138
"['centerOfMass_z', 'jointAngle_jLeftHip']",0.8455927406
"['centerOfMass_z', 'jointAngle_jL5S1']",0.8451335928
"['jointAngle_jLeftKnee', 'jointAngle_jLeftShoulder']",0.8434151691
"['jointAngle_jRightKnee', 'jointAngle_jRightShoulder', 'velocity1_RightFoot']",0.8431123043
"['jointAngle_jLeftKnee', 'jointAngle_jRightShoulder']",0.8415117688
"['centerOfMass_z', 'distCoM_RightFoot', 'jointAngle_jLeftKnee']",0.8404796063
"['CoMVelocityNorm', 'jointAngle_jLeftHip']",0.8395164289
"['jointAngle_jLeftHip', 'jointAngle_jLeftKnee']",0.8350722977
"['jointAngle_jLeftKnee', 'jointAngle_jRightShoulder']",0.8337602895
"['centerOfMass_z', 'jointAngle_jLeftShoulder']",0.8314404135
"['centerOfMass_z', 'velocity1_RightFoot']",0.8307845764
"['centerOfMass_z', 'jointAngle_jLeftHip']",0.8307340956
"['centerOfMass_z', 'jointAngle_jRightHip']",0.829291681
"['centerOfMass_z', 'jointAngle_jLeftShoulder']",0.8292877561
"['centerOfMass_z', 'jointAngle_jRightHip']",0.8272877434
"['distCoM_RightHand', 'jointAngle_jLeftHip']",0.8269640231
"['jointAngle_jLeftHip', 'velocity1_Pelvis']",0.825893993
"['jointAngle_jL5S1', 'jointAngle_jRightShoulder']",0.8237619002
"['jointAngle_jL5S1', 'jointAngle_jLeftHip']",0.822295144
"['distCoM_Pelvis', 'jointAngle_jLeftHip']",0.8212230199
"['centerOfMass_z', 'distCoM_LeftHand']",0.8186469079
"['jointAngle_jLeftHip', 'jointAngle_jLeftKnee']",0.8186169447
"['centerOfMass_z', 'distCoM_LeftHand']",0.8178984834
"['distCoM_RightFoot', 'jointAngle_jLeftShoulder']",0.8174350811
"['distCoM_LeftHand', 'jointAngle_jLeftKnee']",0.8162350373
"['distCoM_LeftHand', 'jointAngle_jLeftKnee']",0.8153504794
"['distCoM_LeftFoot', 'jointAngle_jLeftShoulder']",0.8124275099
"['distCoM_RightHand', 'jointAngle_jLeftKnee']",0.811509671
"['distCoM_RightHand', 'jointAngle_jLeftHip']",0.8113071311
"['centerOfMass_z', 'jointAngle_jLeftElbow']",0.8108860441
"['jointAngle_jLeftHip', 'velocity1_RightHand']",0.8106267438
"['distCoM_RightFoot', 'jointAngle_jRightShoulder']",0.8103203961
"['distCoM_LeftHand', 'jointAngle_jLeftHip']",0.8102301192
"['jointAngle_jLeftHip', 'velocity1_LeftHand']",0.8099136879
"['CoMVelocityNorm', 'jointAngle_jLeftShoulder']",0.8098877518
"['jointAngle_jLeftHip', 'jointAngle_jRightHip']",0.8098829743
"['centerOfMass_z', 'jointAngle_jLeftElbow']",0.8098161533
"['jointAngle_jLeftHip', 'jointAngle_jRightKnee']",0.809660188
"['centerOfMass_z', 'distCoM_Pelvis']",0.8086164441
"['jointAngle_jLeftShoulder', 'velocity1_LeftHand']",0.8077301153
['centerOfMass_z'],0.8070882086
"['centerOfMass_z', 'distCoM_LeftFoot']",0.8067025489
"['centerOfMass_z', 'distCoM_RightFoot']",0.8066591919
"['distCoM_RightFoot', 'jointAngle_jLeftHip']",0.8066591716
"['jointAngle_jL5S1', 'jointAngle_jLeftShoulder']",0.8064579547
"['jointAngle_jLeftElbow', 'jointAngle_jLeftHip']",0.8062864304
"['jointAngle_jLeftHip', 'jointAngle_jRightHip']",0.8048410571
"['distCoM_LeftHand', 'jointAngle_jLeftHip']",0.8047449785
"['centerOfMass_z', 'distCoM_RightHand']",0.8039570915
"['jointAngle_jLeftHip', 'jointAngle_jRightKnee']",0.8037328806
"['centerOfMass_z', 'distCoM_RightHand']",0.8035758434
"['distCoM_Pelvis', 'jointAngle_jRightHip']",0.8019157473
"['CoMVelocityNorm', 'jointAngle_jRightHip']",0.8018424235
"['distCoM_RightHand', 'jointAngle_jLeftKnee']",0.8011219653
"['jointAngle_jLeftElbow', 'jointAngle_jLeftHip']",0.8003304667
"['distCoM_LeftFoot', 'jointAngle_jLeftHip']",0.7992320631
"['jointAngle_jRightHip', 'velocity1_Pelvis']",0.7979554056
"['distCoM_RightHand', 'jointAngle_jRightHip']",0.7966542613
"['jointAngle_jLeftShoulder', 'velocity1_Pelvis']",0.7959637653
"['distCoM_LeftHand', 'jointAngle_jRightHip']",0.7958805025
"['distCoM_LeftHand', 'jointAngle_jRightShoulder']",0.795030773
"['distCoM_LeftFoot', 'jointAngle_jRightShoulder']",0.794760174
"['distCoM_RightHand', 'jointAngle_jRightShoulder']",0.7938272605
"['centerOfMass_z', 'jointAngle_jRightElbow']",0.7933133562
"['jointAngle_jLeftShoulder', 'velocity1_RightHand']",0.7929635426
"['distCoM_RightHand', 'jointAngle_jRightHip']",0.7922068381
"['jointAngle_jRightHip', 'jointAngle_jRightKnee']",0.7914300142
"['jointAngle_jRightHip', 'jointAngle_jRightKnee']",0.7899643897
"['jointAngle_jRightShoulder', 'velocity1_LeftHand']",0.7899192935
"['distCoM_RightHand', 'jointAngle_jRightShoulder']",0.7897916497
"['distCoM_LeftHand', 'jointAngle_jRightShoulder']",0.7895854104
"['jointAngle_jLeftKnee', 'jointAngle_jRightHip']",0.7891718692
"['CoMVelocityNorm', 'jointAngle_jRightShoulder']",0.7880200992
"['jointAngle_jLeftShoulder', 'velocity1_LeftFoot']",0.7867707835
"['CoMVelocity_z', 'jointAngle_jLeftHip']",0.7864481228
"['jointAngle_jRightHip', 'velocity1_RightHand']",0.7863535727
"['jointAngle_jLeftKnee', 'jointAngle_jRightHip']",0.7863098705
"['jointAngle_jLeftHip', 'velocity1_LeftFoot']",0.7857732651
"['jointAngle_jLeftHip', 'jointAngle_jRightElbow']",0.7857333634
"['distCoM_RightHand', 'jointAngle_jLeftShoulder']",0.7844814322
"['jointAngle_jLeftElbow', 'jointAngle_jRightHip']",0.7843783682
"['distCoM_LeftHand', 'jointAngle_jRightKnee']",0.7827415849
"['jointAngle_jRightHip', 'velocity1_LeftHand']",0.7826324105
"['distCoM_LeftHand', 'jointAngle_jRightKnee']",0.7820466696
"['distCoM_RightHand', 'jointAngle_jRightKnee']",0.7819874856
"['distCoM_LeftHand', 'jointAngle_jRightHip']",0.7812578355
"['jointAngle_jRightShoulder', 'velocity1_Pelvis']",0.7799538725
"['distCoM_LeftHand', 'jointAngle_jLeftShoulder']",0.7782625664
"['jointAngle_jLeftElbow', 'jointAngle_jLeftKnee']",0.7779106132
"['CoMVelocity_z', 'jointAngle_jLeftShoulder']",0.7777807515
"['jointAngle_jLeftElbow', 'jointAngle_jLeftKnee']",0.7774146102
"['distCoM_RightHand', 'jointAngle_jLeftShoulder']",0.7756853345
"['jointAngle_jLeftHip', 'velocity1_RightFoot']",0.7753385388
"['jointAngle_jLeftKnee', 'jointAngle_jRightElbow']",0.7748531067
"['jointAngle_jLeftElbow', 'jointAngle_jLeftShoulder']",0.7747152132
"['jointAngle_jLeftElbow', 'jointAngle_jRightHip']",0.7741166357
"['distCoM_RightHand', 'jointAngle_jRightKnee']",0.7738252137
"['jointAngle_jRightElbow', 'jointAngle_jRightHip']",0.7734766466
"['jointAngle_jLeftElbow', 'jointAngle_jRightShoulder']",0.7724653603
"['distCoM_LeftHand', 'jointAngle_jLeftShoulder']",0.7719386499
"['jointAngle_jLeftElbow', 'jointAngle_jRightShoulder']",0.7709379358
"['jointAngle_jLeftKnee', 'jointAngle_jRightKnee']",0.7677233541
"['jointAngle_jLeftElbow', 'jointAngle_jLeftShoulder']",0.7676562281
"['jointAngle_jL5S1', 'jointAngle_jLeftKnee']",0.766979091
"['jointAngle_jRightElbow', 'jointAngle_jRightShoulder']",0.7664872558
"['jointAngle_jLeftShoulder', 'velocity1_RightFoot']",0.7653163133
"['jointAngle_jRightHip', 'velocity1_LeftFoot']",0.7651637711
"['distCoM_Pelvis', 'jointAngle_jLeftKnee']",0.764988445
"['jointAngle_jRightShoulder', 'velocity1_LeftFoot']",0.7575581797
"['distCoM_LeftFoot', 'distCoM_LeftHand']",0.7575470452
"['distCoM_Pelvis', 'jointAngle_jLeftShoulder']",0.756675302
"['CoMVelocity_z', 'jointAngle_jRightShoulder']",0.7552675858
"['jointAngle_jRightElbow', 'jointAngle_jRightKnee']",0.7538698398
"['jointAngle_jRightShoulder', 'velocity1_RightHand']",0.7515421693
"['jointAngle_jLeftShoulder', 'jointAngle_jRightElbow']",0.7511808325
"['distCoM_LeftHand', 'distCoM_RightFoot']",0.7500322786
"['distCoM_RightFoot', 'distCoM_RightHand']",0.7497382035
"['distCoM_LeftFoot', 'distCoM_RightHand']",0.7486362198
"['distCoM_RightFoot', 'jointAngle_jRightHip']",0.7485754851
['jointAngle_jLeftHip'],0.7457172098
"['jointAngle_jLeftKnee', 'jointAngle_jRightKnee']",0.7454145863
"['jointAngle_jLeftShoulder', 'jointAngle_jRightShoulder']",0.7427000961
['jointAngle_jRightHip'],0.7403096241
"['jointAngle_jL5S1', 'jointAngle_jLeftElbow']",0.7387907086
"['jointAngle_jLeftElbow', 'jointAngle_jRightKnee']",0.7385170539
"['distCoM_Pelvis', 'jointAngle_jRightKnee']",0.7381417397
"['distCoM_Pelvis', 'jointAngle_jRightShoulder']",0.7374908242
"['jointAngle_jRightHip', 'velocity1_RightFoot']",0.7354141153
"['distCoM_LeftFoot', 'jointAngle_jRightHip']",0.7349126984
"['jointAngle_jLeftShoulder', 'jointAngle_jRightShoulder']",0.734797894
"['jointAngle_jL5S1', 'jointAngle_jRightHip']",0.7292895608
"['jointAngle_jLeftElbow', 'jointAngle_jRightKnee']",0.7274241914
"['distCoM_LeftFoot', 'jointAngle_jLeftKnee']",0.7257634654
"['jointAngle_jRightShoulder', 'velocity1_RightFoot']",0.7253828139
"['distCoM_RightFoot', 'jointAngle_jLeftKnee']",0.7243969459
"['distCoM_LeftFoot', 'jointAngle_jLeftElbow']",0.71884379
"['CoMVelocity_z', 'jointAngle_jRightHip']",0.7148197732
"['jointAngle_jRightKnee', 'velocity1_Pelvis']",0.7110406308
"['distCoM_RightFoot', 'jointAngle_jLeftElbow']",0.7107037789
"['jointAngle_jL5S1', 'jointAngle_jRightKnee']",0.7104851825
"['distCoM_LeftHand', 'distCoM_Pelvis']",0.7103372518
"['CoMVelocityNorm', 'distCoM_RightHand']",0.7075978622
['jointAngle_jRightShoulder'],0.7047194896
"['CoMVelocityNorm', 'distCoM_LeftHand']",0.7044405002
"['CoMVelocity_z', 'jointAngle_jLeftKnee']",0.7039969145
"['distCoM_LeftHand', 'velocity1_LeftHand']",0.703849822
"['distCoM_LeftHand', 'velocity1_Pelvis']",0.702719496
['jointAngle_jLeftShoulder'],0.7026335422
"['CoMVelocityNorm', 'jointAngle_jLeftKnee']",0.6997674159
"['distCoM_Pelvis', 'jointAngle_jLeftElbow']",0.6997049645
"['jointAngle_jLeftKnee', 'velocity1_RightHand']",0.6981804471
"['distCoM_LeftHand', 'velocity1_LeftFoot']",0.6978623075
"['CoMVelocityNorm', 'jointAngle_jRightKnee']",0.6957705081
"['jointAngle_jRightKnee', 'velocity1_RightHand']",0.6945978135
"['jointAngle_jLeftKnee', 'velocity1_Pelvis']",0.6905455838
"['distCoM_Pelvis', 'distCoM_RightHand']",0.6883482403
"['distCoM_LeftHand', 'jointAngle_jL5S1']",0.6876323863
"['distCoM_RightHand', 'velocity1_Pelvis']",0.6829819949
"['distCoM_LeftHand', 'jointAngle_jLeftElbow']",0.6794981372
"['distCoM_LeftHand', 'velocity1_RightHand']",0.6783530774
"['CoMVelocityNorm', 'jointAngle_jLeftElbow']",0.6761090978
"['jointAngle_jLeftKnee', 'velocity1_LeftHand']",0.6758098539
"['distCoM_RightHand', 'jointAngle_jLeftElbow']",0.6756500682
"['distCoM_LeftFoot', 'jointAngle_jRightKnee']",0.6730470463
"['CoMVelocity_z', 'distCoM_LeftHand']",0.6701827345
"['jointAngle_jRightKnee', 'velocity1_LeftHand']",0.6680100799
"['distCoM_RightHand', 'velocity1_LeftHand']",0.6645566864
"['jointAngle_jLeftKnee', 'velocity1_LeftFoot']",0.66210067
"['distCoM_LeftHand', 'velocity1_RightFoot']",0.6602813463
"['distCoM_RightHand', 'jointAngle_jL5S1']",0.6581266756
"['distCoM_RightHand', 'velocity1_RightHand']",0.6573511088
"['jointAngle_jLeftKnee', 'velocity1_RightFoot']",0.6568410109
"['distCoM_LeftHand', 'distCoM_RightHand']",0.6558470883
"['distCoM_LeftHand', 'jointAngle_jLeftElbow']",0.6550515109
"['distCoM_RightHand', 'jointAngle_jLeftElbow']",0.6546414147
"['jointAngle_jRightKnee', 'velocity1_LeftFoot']",0.6539307647
"['distCoM_LeftHand', 'jointAngle_jRightElbow']",0.6538515834
"['distCoM_RightHand', 'jointAngle_jRightElbow']",0.6483798415
"['distCoM_RightHand', 'velocity1_LeftFoot']",0.6444553417
"['CoMVelocity_z', 'distCoM_RightHand']",0.6413369167
"['jointAngle_jLeftElbow', 'velocity1_LeftFoot']",0.6380833396
['jointAngle_jLeftKnee'],0.6378286994
"['distCoM_RightFoot', 'jointAngle_jRightKnee']",0.6363762813
"['jointAngle_jLeftElbow', 'velocity1_RightFoot']",0.6344822645
"['CoMVelocity_z', 'jointAngle_jRightKnee']",0.6344725127
"['distCoM_LeftHand', 'distCoM_RightHand']",0.6319430658
"['jointAngle_jLeftElbow', 'velocity1_LeftHand']",0.6294138186
"['jointAngle_jRightKnee', 'velocity1_RightFoot']",0.6238560001
"['jointAngle_jLeftElbow', 'velocity1_Pelvis']",0.6237369181
"['distCoM_RightHand', 'velocity1_RightFoot']",0.6231000406
"['jointAngle_jLeftElbow', 'velocity1_RightHand']",0.6188766251
['jointAngle_jRightKnee'],0.615155099
"['jointAngle_jLeftElbow', 'jointAngle_jRightElbow']",0.6083389971
['distCoM_LeftHand'],0.5855597863
"['CoMVelocity_z', 'jointAngle_jLeftElbow']",0.5851388398
['jointAngle_jLeftElbow'],0.5448904281
['distCoM_RightHand'],0.5397596098
['jointAngle_jRightElbow'],0.5336278957
['jointAngle_jL5S1'],0.4700098494
['velocity1_LeftHand'],0.4192081993
['distCoM_Pelvis'],0.404553792
['CoMVelocityNorm'],0.3861246718
['velocity1_RightHand'],0.3807813117
['distCoM_LeftFoot'],0.3728665341
['distCoM_RightFoot'],0.3685671134
['velocity1_Pelvis'],0.3442213835
['CoMVelocity_z'],0.3256527147
['velocity1_RightFoot'],0.307523824
['velocity1_LeftFoot'],0.301052745
